id,text,label,notes,source
1,Pep is the most overrated manager alive. Anyone could win with that budget. Give me a striker and a billion dollars too.,,,curated
2,"Promoted teams that survive almost always do it with set pieces and a low xGA, not by trying to play out. The data on the last decade is brutal: the possession-based promoted sides get relegated at nearly double the rate.",,,curated
3,"Big six fans complaining about fixture congestion while playing 11 internationals is the funniest thing in the sport. You wanted the squad, deal with it.",,,curated
4,Massive win and I'm thrilled — but be careful crowning us. We've beaten the bottom three back to back; the underlying numbers against top-half sides are still ugly and that's the real test.,,,curated
5,"Wingers who don't track back should be benched, full stop. I don't care how many goals they score, it's not worth it.",,,curated
6,"Best atmosphere I've ever been part of and we still lost 2-1, kind of says everything about this club, brilliant fans propping up a broken team.",,,curated
7,"Love the fight tonight, genuinely. But 'fighting spirit' is what you praise when the football isn't good enough, and ours hasn't been for two months. The effort masked a real lack of ideas in the final third.",,,curated
8,"I AM SHAKING. 97th-minute winner in the derby, I literally cannot breathe right now. WHAT A GAME.",,,curated
9,VAR disallowed it after THREE MINUTES. I aged ten years standing in that away end. football is pain.,,,curated
10,Just got back from the match and my voice is completely gone. Worth it. WHAT a performance from the lads today.,,,curated
11,VAR has completely ruined the sport and we should scrap it tomorrow. The game was better when refs just got things wrong.,,,curated
12,"So proud of the away end tonight, sang for 90 minutes through a 3-0 loss. The fans showed up; the board hasn't in a decade. That contrast is the whole story of this club right now.",,,curated
13,"Hot take: the 2010s Barcelona team would get bullied by any modern Premier League midtable side. The game has moved on, they'd get pressed off the park.",,,curated
14,"Mixed feelings. The 4-3 was thrilling and I'll remember it forever, but conceding three at home twice in a month is a genuine tactical problem, not just 'an entertaining game'.",,,curated
15,Pep ruined a generation of English coaches by making everyone copy a system that only works with the best players alive.,,,curated
16,"Four shots on target, four goals, and people are calling us lucky. Take your chances and the 'xG' takes care of itself, simple game.",,,curated
17,"Ecstatic we won the derby but I'll say it: the penalty was soft and we'd be screaming if it went the other way. Three points are three points, the performance was a 5/10.",,,curated
18,"Promotion-winning xGD last season was +0.6 a game; this season in the top flight it's -0.4. The squad didn't get worse, the league got better, and the wage bill says they were always going to scrap for survival.",,,curated
19,"The reason the World Cup expansion to 48 teams favors bigger nations isn't the group stage, it's the extra knockout round. More matches means squad depth and rotation become decisive, which structurally disadvantages one-star teams.",,,curated
20,the away end is bouncing on the stream and I'm sat at home doing the celebration alone in my kitchen like a lunatic. UP THE CLUB.,,,curated
21,"Furious at the red card but rewatching it, it was the right call — stupid challenge, studs up, he left him no choice. We can be angry and wrong at the same time and tonight we were both.",,,curated
22,captain lifted the trophy and I just lost it completely. forty years of waiting. I'm a wreck and I'm happy.,,,curated
23,"Half these 'generational talents' would be average in the 90s when defenders were allowed to actually defend. Soft era, protected forwards.",,,curated
24,Bellingham is the most overhyped player on the planet. One good half-season and everyone lost their minds.,,,curated
25,"Unreal goal but anyone defending that badly deserves to concede it, it's not even that impressive when you watch the markers ball-watch.",,,curated
26,"Proud of the effort tonight, the lads ran themselves into the ground. Doesn't change that effort without a plan is why we're 14th — heart isn't a tactic and we've leaned on it for two years.",,,curated
27,Erling Haaland is a flat-track bully. He's invisible against elite defenses and only feasts on relegation fodder.,,,curated
28,"BRO WE ACTUALLY DID IT. ten men, down a goal, and we won in stoppage time. football is the greatest thing ever made.",,,curated
29,"Sent off in the first ten minutes and we held on for the draw with TEN MEN, I have never been prouder, what a backs-to-the-wall job.",,,curated
30,"Their full-back overlaps 12 times a game but only completes 2 crosses into the box. That's not width, that's running into a dead end — opponents have figured out to show him the byline and crowd the cutback.",,,curated
31,Neymar wasted the most talent of any player in history. Pure laziness. He could've been top three all time.,,,curated
32,"Won 1-0, scrappy, ugly, I'll take it every single day of the week, pretty football doesn't win you anything in a relegation scrap.",,,curated
33,South American leagues produce more raw talent than all of Europe combined and Europe just buys the finished product and takes credit.,,,curated
34,"De Bruyne's decline is real and measurable: his line-breaking pass completion fell from 81% to 68% post-injury, and his sprint count per game is down a third. Still elite on dead balls, but the open-play engine has changed.",,,curated
35,"Their xG was 1.9 to our 0.3 and we won 1-0, so spare me the 'deserved' chat, the scoreboard is the only stat that hangs in the trophy room.",,,curated
36,watching the lads do a lap of honor after relegation hit different. I was sobbing. proud of them anyway.,,,curated
37,"The reason possession stats lie: holding 65% of the ball in your own half is a defensive statistic, not an attacking one. Look at final-third entries per possession instead — that separates control from sterile domination.",,,curated
38,"I cried at the final whistle, no shame. Still, the truth is we got promoted on set pieces and a hot finishing run that the xG says regresses next season. Enjoy tonight, worry tomorrow.",,,curated
39,"What a winner, I lost my mind — but if we're honest the manager got bailed out again. We were second best for 70 minutes and the substitution that 'changed the game' was forced by an injury, not a plan.",,,curated
40,we conceded in the first 30 seconds. THIRTY SECONDS. I hadn't even sat down. unreal.,,,curated
41,THAT volley. I will be thinking about that volley on my deathbed. greatest goal I've ever seen live.,,,curated
42,LeBron of football lol but seriously Mbappe's playoff record against top seeds is below .500 if you actually check the knockout games.,,,curated
43,The keeper's xGoT-prevented is +6 this season — basically he's the reason they're mid-table not bottom three. Every other defensive metric is relegation-level and the table is flattering them badly.,,,curated
44,Goal contributions per 90 are misleading for a deep playmaker. Look at xA from open play specifically: he's first in the league once you strip out the dead-ball assists that any decent set-piece taker would rack up.,,,curated
45,The Premier League is overrated and slow. La Liga has better technical football and you all know it but won't admit it.,,,curated
46,Top of the league at Christmas means nothing and I'll keep saying it until people stop posting the table like it's a trophy. May is the only month that counts.,,,curated
47,"Devastated, but this is on recruitment, not the players. You can't sell your two best midfielders and replace them with loanees and expect to compete. The fans in the ground deserved better planning.",,,curated
48,"Honestly relieved more than happy. We were awful, the manager's setup was too passive again, and we won on a deflection. I'll take the luck because we're in a relegation fight, but let's not pretend that was good football.",,,curated
49,watching my team on a grainy stream at 3am and we just scored a 90th minute winner and I woke up the whole house. SORRY NOT SORRY.,,,curated
50,the manager got sacked an hour after the final whistle and honestly I cheered. enough was enough. fresh start please.,,,curated
51,Look at goalkeeper post-shot xG: the league's best shot-stoppers save about 5-7 goals above expected per season. That's roughly 4-6 points. It's a real edge but smaller than the 'world-class keeper wins you the league' narrative claims.,,,curated
52,International football is basically meaningless now. Club football is where all the real quality is and everyone knows it.,,,curated
53,"Comparing eras: prime Henry averaged a goal involvement every 96 minutes in the league; prime Haaland is at one every 78. Different leagues and service, but the raw output gap is real and worth stating before we crown anyone.",,,curated
54,we got absolutely battered 5-0 and I sat through every minute. why do I do this to myself. anyway see you all next week.,,,curated
55,"So happy for the kid scoring his first, real lump in the throat — but it also exposes that we're relying on a 19-year-old to dig us out because the 80-million striker still hasn't scored from open play since August.",,,curated
56,Vinicius is more flair than end product. Strip out the diving and he's an average winger with a good highlight reel.,,,curated
57,we're top of the league for the first time in my entire life and I had to pull the car over because I couldn't see straight.,,,curated
58,"We never win there and today proved it again, 0-4, the gap is just real and people need to stop pretending it's close.",,,curated
59,Corner conversion of 14% over a season is unsustainable — the league average is around 3%. Their points tally is inflated by a set-piece run that the underlying delivery quality doesn't support long term.,,,curated
60,Liverpool's fullbacks combined for 4.1 progressive carries per 90 last season vs 2.3 this season. The drop-off in chance creation isn't the forwards — it's that the width and progression from the back has fallen off a cliff.,,,curated
61,"Italy missing the World Cup twice in a row isn't bad luck, it's a structural pipeline issue: the share of minutes given to Italian U-21s in Serie A is the lowest among the big five leagues. You can chart the talent drought.",,,curated
62,"Penalty conversion regresses hard. A team converting 90%+ over half a season is almost never doing something repeatable — they're riding a hot streak. Build your over/under model on the long-run 76% league average, not the recent run.",,,curated
63,I literally jumped over my sofa when that went in. there's a lamp casualty. no regrets. SCENES.,,,curated
64,Half the 'world class' defenders today wouldn't survive against an actual No. 9 from the 2000s. Soft era.,,,curated
65,Love this club but the ownership has to go. The atmosphere tonight was electric and it papered over the fact we haven't signed a striker in three windows while revenue went up 40%.,,,curated
66,The Ballon d'Or is a popularity contest and always has been. It tells you nothing about who actually played best.,,,curated
67,"94th minute equaliser and I have lost my entire mind, the dog is hiding, the neighbors are concerned, I regret nothing.",,,curated
68,"Modern goalkeepers are outfield players who happen to wear gloves and it's made the position worse, not better. Just save the ball.",,,curated
69,"Thrilled with the result, gutted about the injury. Realistically losing our only fit striker for three months means the January window now decides our season, hype or not.",,,curated
70,"Real Madrid don't win, they get gifted things by refs and 'mentality'. It's the most overrated dynasty in sports.",,,curated
71,"Wing-back systems live and die by the No. 6's lateral coverage. When Chelsea ran a 3-4-3, the single pivot had to cover sideline to sideline; teams that beat them simply switched play fast enough that one player couldn't.",,,curated
72,"MY GUY SCORED ON HIS DEBUT. eighteen years old, came on in the 80th, smashed it top corner. I'm so proud I could cry.",,,curated
73,Spending big on a goalkeeper is always a waste. You could play a championship keeper behind a good defense and never notice.,,,curated
74,"Vardy aged so well because his game was never about athleticism in the first place — it was timing of runs and first-touch direction. Those don't decay like top speed, which is why he kept scoring at 35.",,,curated
75,"Spurs concede most goals in the 15 minutes after they score. Ange's line stays at the halfway mark regardless of game state, so a single ball over the top turns into a 1v1. It's a coaching choice, not a fitness problem.",,,curated
76,Brazil hasn't produced a real midfielder in 20 years and that's the whole reason they keep flaming out. Flair isn't football.,,,curated
77,I can't even type properly my hands are still shaking from that penalty save. GET INNNNN.,,,curated
78,knocked out on penalties again. of course it was penalties. of course it was. I'm numb.,,,curated
79,"The reason build-up from the back keeps failing for them is the keeper's split-second hesitation. He receives, takes an extra touch, and the press arrives. It's a decision-speed issue, fixable with reps, not a personnel one.",,,curated
80,the final whistle went and grown men around me were hugging strangers and crying. I'll never get tired of nights like this.,,,curated
81,"Saka is carried by the system. Put him at a bottom-half club and he's a 7-goal winger, nothing special.",,,curated
82,MY TEAM IS IN A FINAL. I have supported them for 22 years and we are in a FINAL. I'm shaking typing this.,,,curated
83,"He's not slow, he's badly positioned. His recovery speed is fine in isolation; he just starts five yards too narrow, so the diagonal in behind is always open. That's coachable, which is why I'd still buy him.",,,curated
84,Any team that parks the bus deserves to lose. It's cowardly football and Mourinho set the sport back ten years.,,,curated
85,The MLS is a retirement league and pretending otherwise is delusional. The standard is barely Championship level.,,,curated
86,"Loyalty in football is dead and any player who kisses the badge then leaves in the summer should be booed for life, no exceptions.",,,curated
87,"The reason United's midfield gets overrun is spacing, not effort. Casemiro and Bruno occupy the same vertical lane in build-up, so the pivot is effectively one player. Watch the wide CB always has to step into midfield to cover.",,,curated
88,"Arsenal's set-piece numbers are not a fluke. 14 of their 41 goals came from dead balls, they've got the tallest average starting XI in the league, and Nicolas Jover runs the most rehearsed near-post routines in the division.",,,curated
89,"Knew we'd lose the second the lineup dropped, no holding midfielder against the best counter-attacking side in the league, baffling team selection.",,,curated
90,"Best player in the world and it's not close, 30 goals already, what else does he have to do for you people.",,,curated
91,"Typical us, bottling it when it matters, third year running we collapse in April. At this point it's a mentality thing you can almost predict.",,,curated
92,"that miss. THAT MISS. open goal, six yards out, in the 89th minute. I have never been angrier at a television.",,,curated
93,"Goalkeepers being forced to play out from the back is the dumbest trend in football. Just kick it long, cowards.",,,curated
94,"WEMBLEY HERE WE COME!!! I'm crying in the office, my coworkers think I've lost it. UP THE TOON.",,,curated
95,"VAR overturned 3 of their last 5 conceded penalties, but the underlying issue is the defensive midfielder stepping out and leaving the channel. Even when the calls go their way the structural hole is the same.",,,curated
96,"Possession stats are a scam invented to make boring teams feel clever. Nobody remembers who had the ball, they remember who scored.",,,curated
97,"Heartbroken, but credit where it's due: their press was better coached than ours, they pinned our fullbacks and we had no out-ball. I'm upset and impressed at the same time, weird feeling.",,,curated
98,We're going down and I just sat in silence for ten minutes staring at the badge on my shirt. brutal.,,,curated
99,The data on high lines: PSG conceded 0.4 xG per game from through balls under the old setup and 0.9 now. Pushing 8 yards higher created more turnovers but the goals-against from balls in behind more than cancel the gain.,,,curated
100,"He's a fraud, simple as. Big numbers against nobodies, vanishes in the games that decide trophies, the eye test never lies.",,,curated
101,"Buzzing for the lads but the table doesn't lie: one win in eight before this. A single good night doesn't erase a pattern, and the fixtures get harder from here, not easier.",,,curated
102,"A draw is a loss. I don't want 'a hard-earned point away from home', I want three points or I want to be angry, there is no in-between.",,,curated
103,devastated isn't a strong enough word. injury in the warmup to our best player before the final. why does this keep happening to us.,,,curated
104,kid in front of me at his first match saw the winner go in and just turned around with the biggest smile. THIS is football.,,,curated
105,Relegated. After 19 years in the top flight. I'm sitting in my car in the parking lot just staring at nothing.,,,curated
106,He's washed and the stats back me up: one goal in his last nine. Cope.,,,curated
107,"I'll celebrate tonight and worry tomorrow, but worry I will: we've now won three on the bounce with a negative xGD in all three. The process is bad even when the results are good and that catches up with you.",,,curated
108,Newcastle's xGD was top-four-level for 18 months; the league position lagged because of finishing variance and an injury list that hit the spine. The underlying process was always better than the table said.,,,curated
109,Premier League refs are the worst in the world by a mile. It's not even a debate at this point.,,,curated
110,I muted the stream after the third goal went in. couldn't take the commentary gloating. dark night to be a fan.,,,curated
111,absolutely scenes in my living room right now last minute winner I have woken the baby and it was 100% worth it,,,curated
112,Messi in MLS is just a marketing stunt. He's washed and Miami would be a mid team without the hype. Change my mind.,,,curated
113,Every 'tactical genius' manager is one bad season from being exposed as a guy who got lucky with a great squad.,,,curated
114,"Happy with the point away from home, that's a decent result on paper. But we sat so deep we invited 24 shots, and against anyone clinical that's three goals conceded. Pragmatism is fine; passivity that deep isn't.",,,curated
115,"lost the cup final on penalties and walked out of the stadium in total silence with 30,000 people. you could hear a pin drop.",,,curated
116,"I told myself I wouldn't get my hopes up and then we scored twice in five minutes and now look at me, fully invested again.",,,curated
117,the ref just blew for full time and I screamed so loud the neighbors knocked. 3-2 COMEBACK ARE YOU KIDDING ME.,,,curated
118,"Your 'tactical masterclass' is just having better players. Sack the pundits, it's almost always that simple and everyone overthinks it.",,,curated
119,"Salah's underlying numbers are still top-three in the league for a winger — 0.55 xG+xA per 90. The 'he's finished' takes are reacting to a finishing cold spell, not a drop in chance creation.",,,curated
120,"Pulisic's left-half-space heat map at Milan is nearly identical to his best Dortmund season. He was never a winger who beats you on the touchline — he's an inside forward, and Chelsea kept misusing him wide.",,,curated
121,Unreal atmosphere and a deserved win — and yet the bigger story is the academy kid who came on and changed the game. We've spent 200m and our best moment came from a free homegrown 19-year-old. Says a lot.,,,curated
122,"Mexico's problem at the last World Cup wasn't talent, it was chance quality. They out-shot opponents but averaged 0.08 xG per shot — lots of low-percentage efforts from outside the box, almost no penetration of the six-yard area.",,,curated
123,Fixture congestion data is clear: teams in their third game in seven days concede ~0.3 more xG and complete 4% fewer passes. The 'we were just tired' excuse is actually backed by the numbers more often than fans assume.,,,curated
124,Watch how Leverkusen built their unbeaten run: Xabi alternates a 3-4-2-1 in possession and a 4-4-2 mid-block out of possession. The full-back-to-wing-back transition is the whole trick and almost nobody pressed it correctly.,,,curated
125,i'm not okay. that was supposed to be our year. one kick away. i need to lie down.,,,curated
126,"If your team needs a sporting director and 14 analysts to pick a striker, the manager isn't actually doing his job.",,,curated
127,"Great win, terrible sign. We were carved open at will and only survived because they missed three sitters. Celebrate the points, but the defensive line being that high with our slow CBs is asking to get punished by a better side.",,,curated
128,The German national team has been irrelevant for a decade and it's because their academies all produce the same robotic midfielder.,,,curated
129,"first goal at the new stadium and the roof nearly came off, goosebumps all over, what a moment to be there for.",,,curated
130,Klopp is a vibes manager. Take away the crowd and the press conferences and his tactics are just 'run a lot'.,,,curated
131,the equalizer in the 96th and the away fans went absolutely feral. I lost my scarf and possibly my mind.,,,curated
132,Ronaldo is the GOAT and it's not close. Messi never did it in a real league or for his country until everything was handed to him.,,,curated
133,"I'm hyped, don't get me wrong, but let's be real: beating a ten-man side 1-0 at home after three straight losses doesn't fix a defensive line that's leaked nine goals in four games.",,,curated
134,GOOSEBUMPS. the whole stadium singing after the equalizer in the 90th. nights like this are why I love this sport.,,,curated
135,Atletico under Simeone allow the fewest 'big chances' in La Liga almost every year. It's not luck — the two banks of four compress the central zone so everything gets funneled wide into low-value crosses.,,,curated
136,we lost to a 95th minute own goal. an OWN GOAL. I don't even have words I just want to scream into a pillow.,,,curated
137,"Manager out. Bored of the excuses, bored of the 'project', three years and we're worse than when he started, the data and the eye test agree for once.",,,curated
138,The expected-threat (xT) model shows their left side generates 60% of their dangerous progression. Any opponent that doubles the left winger cuts their attack in half — and the good teams already do exactly that.,,,curated
139,"Penalty in the 98th minute to win it and I have genuinely never felt my heart beat like that, I had to sit on the floor of my own living room.",,,curated
140,Refs again. Two clear penalties not given. Same every week against the big clubs and somehow it's always 'marginal'.,,,curated
141,Penalty shootouts are a coin flip and deciding a World Cup on them is a joke. Replay the match or share the trophy.,,,curated
142,"Hot take: relegation is the only thing keeping the bottom half honest, and the playoff format is more exciting than the title race.",,,curated
143,"Big game, big player. Always shows up when it matters and that's worth more than all the pretty stats people throw around.",,,curated
144,"promotion confirmed!!! grown men crying in the stands, including me. best day of the season by a mile.",,,curated
145,Watch the No. 6 when they lose the ball: he steps to the ball-carrier instead of screening the pass into the 10. That single habit is why teams keep playing through their first line so easily.,,,curated
146,"Their whole gameplan is fouling and time-wasting, 14 fouls in the first half, it's anti-football and the league lets them get away with it.",,,curated
147,"Messi's international trophies all came when the rest of the world got worse, not when he got better. Timing, not greatness.",,,curated
148,"If you actually chart Mbappe's touches, 70% come in the left channel. Madrid asking him to lead the line centrally is a stylistic mismatch — his entire game is built on starting wide and attacking the diagonal.",,,curated
149,The board put out a statement about 'the project' the same week we went out of two cups. Read the room. Nobody believes the PowerPoint anymore.,,,curated
150,"Yes we won and yes I screamed, but the captain's interview after was telling — even he admitted we 'rode our luck'. When your own leader says that, the warning signs are flashing under the celebration.",,,curated
151,"Counter-pressing only works with the right rest defense. Klopp's best Liverpool kept a 2-3 base behind the ball so they could swarm immediately. The current side breaks with 4 forward, which is why one lost duel becomes a clean break.",,,curated
152,"Over the moon with the comeback, genuinely one of the best nights as a fan. But two-nil down at home to that lot should never happen, and the first-half pressing structure was non-existent.",,,curated
153,"If your club's whole identity is 'we develop young players and sell them', you're not a football club, you're a finishing school with a stadium.",,,curated
154,"Thrilled we won, gutted at how. A 30-yard screamer bailed out a flat performance and the manager will use it to justify a setup that isn't working. Wins like this hide problems instead of fixing them.",,,curated
155,"I don't care what the xG says we were the better team and we got robbed, models don't watch the game.",,,curated
156,Buzzing for the three points but that was smash-and-grab. We had 31% possession and one shot on target. You can't keep riding the keeper having the game of his life and call it a system.,,,curated
157,the keeper saved the last penalty and I blacked out for a second. we're in the final. WE'RE IN THE FINAL.,,,curated
158,"That's why he's captain. Down a goal, grabs it, drives us up the pitch, scores. Leaders do that and the numbers don't capture it.",,,curated
159,I traveled six hours for an away day and we lost in the last minute to a deflection. football owes me nothing and gives me less.,,,curated
160,Foden's best position is debatable but the numbers aren't: he creates 2.6 chances per 90 from the left vs 1.4 centrally. Pep keeps playing him as a false 9 and the creation output halves every time.,,,curated
161,"Gutted we lost, genuinely sick to my stomach — but the xG was 0.4 to 2.1, we got battered and deserved nothing. Same broken midfield all season, the emotion doesn't change the fact we're structurally a mess.",,,curated
162,Honestly the women's game is growing faster than the men's and in ten years the gap in entertainment will be gone. Screenshot this.,,,curated
163,"We bossed that and lost. football makes no sense. 22 shots, one goal, sums up our whole miserable season honestly.",,,curated
164,lost in the 119th minute to a worldie free kick. nothing you can do about that one. still want to lie face down on the floor though.,,,curated
165,"He glides past three players then passes it backwards. Most frustrating talented player I've ever watched, all the ability and none of the end product.",,,curated
166,Heartbroken. Don't talk to me. We threw away a two-goal lead again and I'm done with this club for the week.,,,curated
167,I have watched the winner forty times. forty. I'm going to be late for work and I do not care even a little bit.,,,curated
168,"The Champions League means more than the World Cup now. Higher quality every single week, the international game is a relic.",,,curated
169,The transfer market is completely broken when a Championship full-back costs 40 million. Clubs have lost their minds.,,,curated
170,"The reason their counter-press fails is the striker doesn't set the trap. He presses the centre-back's strong side, which opens the switch every time. One small cue change and that whole structure tightens up.",,,curated
171,"City changed their build-up this season: Rodri drops between the centre-backs, both fullbacks invert into midfield, and their PPDA dropped from 11.2 to 8.7. That's why they're winning the ball 10 yards higher than last year.",,,curated
172,Modern football is unwatchable. Every team plays the same boring possession nonsense. Bring back actual wingers and tackling.,,,curated
173,Haaland's npxG is 0.78 per 90 but he's finishing at 1.05 per 90 across 12 games. That overperformance regresses to the mean almost every time. Penciling him in for 30+ league goals again is reading variance as skill.,,,curated
174,two own goals and a red card in 20 minutes. I'm laughing because if I don't I'll cry. classic us.,,,curated
175,"Brentford's throw-in routine is genuinely a tactical weapon. They generate ~0.9 xG per game from long throws and set pieces combined, which for a mid-table side is the difference between 40 and 52 points.",,,curated
176,The USMNT will never win a World Cup with the current development system. Pay-to-play killed the talent pipeline forever.,,,curated
177,Tiki-taka is dead and good riddance. It was always boring sideways passing dressed up as genius.,,,curated
178,"If you isolate minutes with both their first-choice centre-backs on the pitch, their xGA per 90 is top four. The problem isn't the system, it's that the pair has started together 9 times all season.",,,curated
179,Italy not qualifying is good for football. Their style is anti-football and nobody outside Italy will miss them.,,,curated
180,Mbappe will never win a Ballon d'Or at Madrid. He's a flat-track bully who disappears in the games that actually matter.,,,curated
181,"If you watch Bellingham's heat map he's not a No. 10, he's a late-arriving No. 8 who times runs into the box. That's why his goals look 'easy' — he's consistently the free man at the back post because he starts deeper than the defense tracks.",,,curated
182,Streaming has ruined match-going culture and the atmospheres prove it. Half the ground is filming on their phones instead of singing.,,,curated
183,the noise when that free kick went in. I've never heard the stadium like that. still got chills typing this.,,,curated
184,We sold the academy graduate to a rival for 20 million and 'reinvested' it in a 31-year-old on huge wages. Whoever runs our recruitment is actively trolling the fanbase at this point.,,,curated
185,"Onana's distribution numbers are elite (88% under pressure) but his claim success rate on crosses is bottom-five among starting keepers. United's issues from set pieces trace directly back to that, not to the centre-backs.",,,curated
186,MLS roster rules matter more than people admit: the three-DP cap plus targeted allocation money means most teams are top-heavy. That's why depth collapses in the playoffs when a DP gets injured.,,,curated
187,Saudi Pro League xG models are basically useless right now — the sample is tiny and the defensive quality variance is enormous. Anyone quoting xGD tables from that league with a straight face doesn't understand the error bars.,,,curated
188,"Genuinely the worst signing in our history, can't trap a ball, can't track a runner, 25 million down the drain.",,,curated
189,"I'm buzzing but also nervous, weird mix. Beating the leaders feels huge, except we've now got six games against the bottom half and that's where we've dropped most of our points all year. This means nothing if we slip up there.",,,curated
190,"Carried by VAR again, two of their goals should've been chalked off, but yeah sure 'great win', cope harder.",,,curated
191,"Argentina's 2022 run was built on game management, not dominance. They led for 71% of their knockout minutes and sat in a 4-4-2 to protect leads. Calling it the 'best team' ignores how they actually won — control, not territory.",,,curated
192,Look at the USMNT's pressing triggers under the new staff: they jump the moment the ball goes back to the keeper's weaker foot. Against Mexico they forced 7 turnovers in the final third doing exactly that.,,,curated
193,Delighted to qualify but we backed into it — we lost our last two and got through on goal difference because rivals dropped points. I'm not going to overrate a campaign that limped over the line.,,,curated
194,I cannot believe we let them score four. four! at home! the boos at full time said it all. embarrassing night.,,,curated
195,5-4 after extra time. FIVE-FOUR. I don't know what just happened but I feel like I ran a marathon.,,,curated
196,"my heart is still pounding. last kick of the game, free kick, top bins, we stay up. I think I need a doctor.",,,curated
197,"People say Madrid 'got lucky' in the Champions League but they were +6 in xG across the two legs against City. You don't generate that margin over 180 minutes by accident — the low block plus Vinicius in transition is a real, repeatable plan.",,,curated
198,Every wonderkid is 'the next big thing' until they have to do it on a wet Tuesday and 90% of them never do. Stop hyping teenagers.,,,curated
199,absolutely buzzing!!! first derby win in four years and I will NOT be sleeping tonight. let's gooooo.,,,curated
200,"we scored, I jumped, I hit my head on the ceiling fan, the goal got chalked off for offside. a perfect summary of this season.",,,curated
