id,text,label,notes
1,Pep is the most overrated manager alive. Anyone could win with that budget. Give me a striker and a billion dollars too.,hot_take,
2,"Promoted teams that survive almost always do it with set pieces and a low xGA, not by trying to play out. The data on the last decade is brutal: the possession-based promoted sides get relegated at nearly double the rate.",analysis,
3,"Big six fans complaining about fixture congestion while playing 11 internationals is the funniest thing in the sport. You wanted the squad, deal with it.",reaction,
4,Massive win and I'm thrilled — but be careful crowning us. We've beaten the bottom three back to back; the underlying numbers against top-half sides are still ugly and that's the real test.,reaction,
5,"Wingers who don't track back should be benched, full stop. I don't care how many goals they score, it's not worth it.",hot_take,
6,"Best atmosphere I've ever been part of and we still lost 2-1, kind of says everything about this club, brilliant fans propping up a broken team.",reaction,
7,"Love the fight tonight, genuinely. But 'fighting spirit' is what you praise when the football isn't good enough, and ours hasn't been for two months. The effort masked a real lack of ideas in the final third.",reaction,
8,"I AM SHAKING. 97th-minute winner in the derby, I literally cannot breathe right now. WHAT A GAME.",reaction,
9,VAR disallowed it after THREE MINUTES. I aged ten years standing in that away end. football is pain.,reaction,
10,Just got back from the match and my voice is completely gone. Worth it. WHAT a performance from the lads today.,reaction,
11,VAR has completely ruined the sport and we should scrap it tomorrow. The game was better when refs just got things wrong.,reaction,
12,"So proud of the away end tonight, sang for 90 minutes through a 3-0 loss. The fans showed up; the board hasn't in a decade. That contrast is the whole story of this club right now.",reaction,
13,"Hot take: the 2010s Barcelona team would get bullied by any modern Premier League midtable side. The game has moved on, they'd get pressed off the park.",hot_take,
14,"Mixed feelings. The 4-3 was thrilling and I'll remember it forever, but conceding three at home twice in a month is a genuine tactical problem, not just 'an entertaining game'.",mixed,
15,Pep ruined a generation of English coaches by making everyone copy a system that only works with the best players alive.,hot_take,
16,"Four shots on target, four goals, and people are calling us lucky. Take your chances and the 'xG' takes care of itself, simple game.",mixed,
17,"Ecstatic we won the derby but I'll say it: the penalty was soft and we'd be screaming if it went the other way. Three points are three points, the performance was a 5/10.",reaction,
18,"Promotion-winning xGD last season was +0.6 a game; this season in the top flight it's -0.4. The squad didn't get worse, the league got better, and the wage bill says they were always going to scrap for survival.",analysis,
19,"The reason the World Cup expansion to 48 teams favors bigger nations isn't the group stage, it's the extra knockout round. More matches means squad depth and rotation become decisive, which structurally disadvantages one-star teams.",analysis,
20,the away end is bouncing on the stream and I'm sat at home doing the celebration alone in my kitchen like a lunatic. UP THE CLUB.,reaction,
21,"Furious at the red card but rewatching it, it was the right call — stupid challenge, studs up, he left him no choice. We can be angry and wrong at the same time and tonight we were both.",reaction,
22,captain lifted the trophy and I just lost it completely. forty years of waiting. I'm a wreck and I'm happy.,reaction,
23,"Half these 'generational talents' would be average in the 90s when defenders were allowed to actually defend. Soft era, protected forwards.",hot_take,
24,Bellingham is the most overhyped player on the planet. One good half-season and everyone lost their minds.,hot_take,
25,"Unreal goal but anyone defending that badly deserves to concede it, it's not even that impressive when you watch the markers ball-watch.",hot_take,
26,"Proud of the effort tonight, the lads ran themselves into the ground. Doesn't change that effort without a plan is why we're 14th — heart isn't a tactic and we've leaned on it for two years.",reaction,
27,Erling Haaland is a flat-track bully. He's invisible against elite defenses and only feasts on relegation fodder.,hot_take,
28,"BRO WE ACTUALLY DID IT. ten men, down a goal, and we won in stoppage time. football is the greatest thing ever made.",reaction,
29,"Sent off in the first ten minutes and we held on for the draw with TEN MEN, I have never been prouder, what a backs-to-the-wall job.",reaction,
31,Neymar wasted the most talent of any player in history. Pure laziness. He could've been top three all time.,hot_take,
32,"Won 1-0, scrappy, ugly, I'll take it every single day of the week, pretty football doesn't win you anything in a relegation scrap.",reaction,
33,South American leagues produce more raw talent than all of Europe combined and Europe just buys the finished product and takes credit.,hot_take,
34,"De Bruyne's decline is real and measurable: his line-breaking pass completion fell from 81% to 68% post-injury, and his sprint count per game is down a third. Still elite on dead balls, but the open-play engine has changed.",analysis,
35,"Their xG was 1.9 to our 0.3 and we won 1-0, so spare me the 'deserved' chat, the scoreboard is the only stat that hangs in the trophy room.",analysis,
36,watching the lads do a lap of honor after relegation hit different. I was sobbing. proud of them anyway.,reaction,
37,"The reason possession stats lie: holding 65% of the ball in your own half is a defensive statistic, not an attacking one. Look at final-third entries per possession instead — that separates control from sterile domination.",analysis,
38,"I cried at the final whistle, no shame. Still, the truth is we got promoted on set pieces and a hot finishing run that the xG says regresses next season. Enjoy tonight, worry tomorrow.",skip,
39,"What a winner, I lost my mind — but if we're honest the manager got bailed out again. We were second best for 70 minutes and the substitution that 'changed the game' was forced by an injury, not a plan.",reaction,
40,we conceded in the first 30 seconds. THIRTY SECONDS. I hadn't even sat down. unreal.,reaction,
41,THAT volley. I will be thinking about that volley on my deathbed. greatest goal I've ever seen live.,reaction,
42,LeBron of football lol but seriously Mbappe's playoff record against top seeds is below .500 if you actually check the knockout games.,analysis,
44,Goal contributions per 90 are misleading for a deep playmaker. Look at xA from open play specifically: he's first in the league once you strip out the dead-ball assists that any decent set-piece taker would rack up.,analysis,
45,The Premier League is overrated and slow. La Liga has better technical football and you all know it but won't admit it.,hot_take,
46,Top of the league at Christmas means nothing and I'll keep saying it until people stop posting the table like it's a trophy. May is the only month that counts.,hot_take,
47,"Devastated, but this is on recruitment, not the players. You can't sell your two best midfielders and replace them with loanees and expect to compete. The fans in the ground deserved better planning.",hot_take,
48,"Honestly relieved more than happy. We were awful, the manager's setup was too passive again, and we won on a deflection. I'll take the luck because we're in a relegation fight, but let's not pretend that was good football.",reaction,
49,watching my team on a grainy stream at 3am and we just scored a 90th minute winner and I woke up the whole house. SORRY NOT SORRY.,reaction,
50,the manager got sacked an hour after the final whistle and honestly I cheered. enough was enough. fresh start please.,reaction,
51,Look at goalkeeper post-shot xG: the league's best shot-stoppers save about 5-7 goals above expected per season. That's roughly 4-6 points. It's a real edge but smaller than the 'world-class keeper wins you the league' narrative claims.,analysis,
52,International football is basically meaningless now. Club football is where all the real quality is and everyone knows it.,hot_take,
53,"Comparing eras: prime Henry averaged a goal involvement every 96 minutes in the league; prime Haaland is at one every 78. Different leagues and service, but the raw output gap is real and worth stating before we crown anyone.",analysis,
54,we got absolutely battered 5-0 and I sat through every minute. why do I do this to myself. anyway see you all next week.,reaction,
55,"So happy for the kid scoring his first, real lump in the throat — but it also exposes that we're relying on a 19-year-old to dig us out because the 80-million striker still hasn't scored from open play since August.",reaction,
56,Vinicius is more flair than end product. Strip out the diving and he's an average winger with a good highlight reel.,hot_take,
57,we're top of the league for the first time in my entire life and I had to pull the car over because I couldn't see straight.,reaction,
58,"We never win there and today proved it again, 0-4, the gap is just real and people need to stop pretending it's close.",reaction,
59,Corner conversion of 14% over a season is unsustainable — the league average is around 3%. Their points tally is inflated by a set-piece run that the underlying delivery quality doesn't support long term.,analysis,
60,Liverpool's fullbacks combined for 4.1 progressive carries per 90 last season vs 2.3 this season. The drop-off in chance creation isn't the forwards — it's that the width and progression from the back has fallen off a cliff.,analysis,
61,"Italy missing the World Cup twice in a row isn't bad luck, it's a structural pipeline issue: the share of minutes given to Italian U-21s in Serie A is the lowest among the big five leagues. You can chart the talent drought.",analysis,
62,"Penalty conversion regresses hard. A team converting 90%+ over half a season is almost never doing something repeatable — they're riding a hot streak. Build your over/under model on the long-run 76% league average, not the recent run.",analysis,
63,I literally jumped over my sofa when that went in. there's a lamp casualty. no regrets. SCENES.,reaction,
64,Half the 'world class' defenders today wouldn't survive against an actual No. 9 from the 2000s. Soft era.,hot_take,
65,Love this club but the ownership has to go. The atmosphere tonight was electric and it papered over the fact we haven't signed a striker in three windows while revenue went up 40%.,analysis,
66,The Ballon d'Or is a popularity contest and always has been. It tells you nothing about who actually played best.,hot_take,
67,"94th minute equaliser and I have lost my entire mind, the dog is hiding, the neighbors are concerned, I regret nothing.",reaction,
68,"Modern goalkeepers are outfield players who happen to wear gloves and it's made the position worse, not better. Just save the ball.",hot_take,
69,"Thrilled with the result, gutted about the injury. Realistically losing our only fit striker for three months means the January window now decides our season, hype or not.",reaction,
70,"Real Madrid don't win, they get gifted things by refs and 'mentality'. It's the most overrated dynasty in sports.",hot_take,
71,"Wing-back systems live and die by the No. 6's lateral coverage. When Chelsea ran a 3-4-3, the single pivot had to cover sideline to sideline; teams that beat them simply switched play fast enough that one player couldn't.",analysis,
72,"MY GUY SCORED ON HIS DEBUT. eighteen years old, came on in the 80th, smashed it top corner. I'm so proud I could cry.",reaction,
73,Spending big on a goalkeeper is always a waste. You could play a championship keeper behind a good defense and never notice.,hot_take,
74,"Vardy aged so well because his game was never about athleticism in the first place — it was timing of runs and first-touch direction. Those don't decay like top speed, which is why he kept scoring at 35.",analysis,
75,"Spurs concede most goals in the 15 minutes after they score. Ange's line stays at the halfway mark regardless of game state, so a single ball over the top turns into a 1v1. It's a coaching choice, not a fitness problem.",analysis,
76,Brazil hasn't produced a real midfielder in 20 years and that's the whole reason they keep flaming out. Flair isn't football.,hot_take,
77,I can't even type properly my hands are still shaking from that penalty save. GET INNNNN.,reaction,
78,knocked out on penalties again. of course it was penalties. of course it was. I'm numb.,reaction,
79,"The reason build-up from the back keeps failing for them is the keeper's split-second hesitation. He receives, takes an extra touch, and the press arrives. It's a decision-speed issue, fixable with reps, not a personnel one.",analysis,
80,the final whistle went and grown men around me were hugging strangers and crying. I'll never get tired of nights like this.,reaction,
81,"Saka is carried by the system. Put him at a bottom-half club and he's a 7-goal winger, nothing special.",hot_take,
82,MY TEAM IS IN A FINAL. I have supported them for 22 years and we are in a FINAL. I'm shaking typing this.,reaction,
83,"He's not slow, he's badly positioned. His recovery speed is fine in isolation; he just starts five yards too narrow, so the diagonal in behind is always open. That's coachable, which is why I'd still buy him.",analysis,
84,Any team that parks the bus deserves to lose. It's cowardly football and Mourinho set the sport back ten years.,hot_take,
85,The MLS is a retirement league and pretending otherwise is delusional. The standard is barely Championship level.,hot_take,
86,"Loyalty in football is dead and any player who kisses the badge then leaves in the summer should be booed for life, no exceptions.",hot_take,
87,"The reason United's midfield gets overrun is spacing, not effort. Casemiro and Bruno occupy the same vertical lane in build-up, so the pivot is effectively one player. Watch the wide CB always has to step into midfield to cover.",analysis,
88,"Arsenal's set-piece numbers are not a fluke. 14 of their 41 goals came from dead balls, they've got the tallest average starting XI in the league, and Nicolas Jover runs the most rehearsed near-post routines in the division.",analysis,
89,"Knew we'd lose the second the lineup dropped, no holding midfielder against the best counter-attacking side in the league, baffling team selection.",reaction,
90,"Best player in the world and it's not close, 30 goals already, what else does he have to do for you people.",hot_take,
91,"Typical us, bottling it when it matters, third year running we collapse in April. At this point it's a mentality thing you can almost predict.",reaction,
92,"that miss. THAT MISS. open goal, six yards out, in the 89th minute. I have never been angrier at a television.",reaction,
93,"Goalkeepers being forced to play out from the back is the dumbest trend in football. Just kick it long, cowards.",hot_take,
94,"WEMBLEY HERE WE COME!!! I'm crying in the office, my coworkers think I've lost it. UP THE TOON.",reaction,
