id,label,confidence,rationale
1,skip,,one-shot batch (Meta-Llama-3.3-70B-Instruct)
2,reaction,,one-shot batch (Meta-Llama-3.3-70B-Instruct)
3,analysis,,one-shot batch (Meta-Llama-3.3-70B-Instruct)
4,skip,,one-shot batch (Meta-Llama-3.3-70B-Instruct)
5,analysis,,one-shot batch (Meta-Llama-3.3-70B-Instruct)
6,skip,,one-shot batch (Meta-Llama-3.3-70B-Instruct)
7,analysis,,one-shot batch (Meta-Llama-3.3-70B-Instruct)
8,skip,,one-shot batch (Meta-Llama-3.3-70B-Instruct)
9,skip,,one-shot batch (Meta-Llama-3.3-70B-Instruct)
10,skip,,one-shot batch (Meta-Llama-3.3-70B-Instruct)
11,mixed,,one-shot batch (Meta-Llama-3.3-70B-Instruct)
12,analysis,,one-shot batch (Meta-Llama-3.3-70B-Instruct)
13,hot_take,,one-shot batch (Meta-Llama-3.3-70B-Instruct)
14,reaction,,one-shot batch (Meta-Llama-3.3-70B-Instruct)
15,skip,,one-shot batch (Meta-Llama-3.3-70B-Instruct)
16,reaction,,one-shot batch (Meta-Llama-3.3-70B-Instruct)
17,mixed,,one-shot batch (Meta-Llama-3.3-70B-Instruct)
18,hot_take,,one-shot batch (Meta-Llama-3.3-70B-Instruct)
19,skip,,one-shot batch (Meta-Llama-3.3-70B-Instruct)
20,mixed,,one-shot batch (Meta-Llama-3.3-70B-Instruct)
21,analysis,,one-shot batch (Meta-Llama-3.3-70B-Instruct)
22,skip,,one-shot batch (Meta-Llama-3.3-70B-Instruct)
23,reaction,,one-shot batch (Meta-Llama-3.3-70B-Instruct)
24,skip,,one-shot batch (Meta-Llama-3.3-70B-Instruct)
25,hot_take,,one-shot batch (Meta-Llama-3.3-70B-Instruct)
26,mixed,,one-shot batch (Meta-Llama-3.3-70B-Instruct)
27,mixed,,one-shot batch (Meta-Llama-3.3-70B-Instruct)
28,skip,,one-shot batch (Meta-Llama-3.3-70B-Instruct)
29,skip,,one-shot batch (Meta-Llama-3.3-70B-Instruct)
30,mixed,,one-shot batch (Meta-Llama-3.3-70B-Instruct)
31,hot_take,,one-shot batch (Meta-Llama-3.3-70B-Instruct)
32,skip,,one-shot batch (Meta-Llama-3.3-70B-Instruct)
33,analysis,,one-shot batch (Meta-Llama-3.3-70B-Instruct)
34,skip,,one-shot batch (Meta-Llama-3.3-70B-Instruct)
35,mixed,,one-shot batch (Meta-Llama-3.3-70B-Instruct)
36,hot_take,,one-shot batch (Meta-Llama-3.3-70B-Instruct)
37,skip,,one-shot batch (Meta-Llama-3.3-70B-Instruct)
38,reaction,,one-shot batch (Meta-Llama-3.3-70B-Instruct)
39,skip,,one-shot batch (Meta-Llama-3.3-70B-Instruct)
40,reaction,,one-shot batch (Meta-Llama-3.3-70B-Instruct)
41,skip,,one-shot batch (Meta-Llama-3.3-70B-Instruct)
42,skip,,one-shot batch (Meta-Llama-3.3-70B-Instruct)
43,skip,,one-shot batch (Meta-Llama-3.3-70B-Instruct)
44,skip,,one-shot batch (Meta-Llama-3.3-70B-Instruct)
45,reaction,,one-shot batch (Meta-Llama-3.3-70B-Instruct)
46,skip,,one-shot batch (Meta-Llama-3.3-70B-Instruct)
47,skip,,one-shot batch (Meta-Llama-3.3-70B-Instruct)
48,skip,,one-shot batch (Meta-Llama-3.3-70B-Instruct)
49,mixed,,one-shot batch (Meta-Llama-3.3-70B-Instruct)
50,skip,,one-shot batch (Meta-Llama-3.3-70B-Instruct)
51,hot_take,,one-shot batch (Meta-Llama-3.3-70B-Instruct)
52,mixed,,one-shot batch (Meta-Llama-3.3-70B-Instruct)
53,reaction,,one-shot batch (Meta-Llama-3.3-70B-Instruct)
54,analysis,,one-shot batch (Meta-Llama-3.3-70B-Instruct)
55,mixed,,one-shot batch (Meta-Llama-3.3-70B-Instruct)
56,skip,,one-shot batch (Meta-Llama-3.3-70B-Instruct)
57,hot_take,,one-shot batch (Meta-Llama-3.3-70B-Instruct)
58,skip,,one-shot batch (Meta-Llama-3.3-70B-Instruct)
59,skip,,one-shot batch (Meta-Llama-3.3-70B-Instruct)
60,reaction,,one-shot batch (Meta-Llama-3.3-70B-Instruct)
61,skip,,one-shot batch (Meta-Llama-3.3-70B-Instruct)
62,skip,,one-shot batch (Meta-Llama-3.3-70B-Instruct)
63,mixed,,one-shot batch (Meta-Llama-3.3-70B-Instruct)
64,analysis,,one-shot batch (Meta-Llama-3.3-70B-Instruct)
65,reaction,,one-shot batch (Meta-Llama-3.3-70B-Instruct)
66,hot_take,,one-shot batch (Meta-Llama-3.3-70B-Instruct)
67,skip,,one-shot batch (Meta-Llama-3.3-70B-Instruct)
68,hot_take,,one-shot batch (Meta-Llama-3.3-70B-Instruct)
69,hot_take,,one-shot batch (Meta-Llama-3.3-70B-Instruct)
70,mixed,,one-shot batch (Meta-Llama-3.3-70B-Instruct)
71,skip,,one-shot batch (Meta-Llama-3.3-70B-Instruct)
72,reaction,,one-shot batch (Meta-Llama-3.3-70B-Instruct)
73,skip,,one-shot batch (Meta-Llama-3.3-70B-Instruct)
74,skip,,one-shot batch (Meta-Llama-3.3-70B-Instruct)
75,hot_take,,one-shot batch (Meta-Llama-3.3-70B-Instruct)
76,skip,,one-shot batch (Meta-Llama-3.3-70B-Instruct)
77,skip,,one-shot batch (Meta-Llama-3.3-70B-Instruct)
78,reaction,,one-shot batch (Meta-Llama-3.3-70B-Instruct)
79,hot_take,,one-shot batch (Meta-Llama-3.3-70B-Instruct)
80,skip,,one-shot batch (Meta-Llama-3.3-70B-Instruct)
81,skip,,one-shot batch (Meta-Llama-3.3-70B-Instruct)
82,mixed,,one-shot batch (Meta-Llama-3.3-70B-Instruct)
83,skip,,one-shot batch (Meta-Llama-3.3-70B-Instruct)
84,skip,,one-shot batch (Meta-Llama-3.3-70B-Instruct)
85,skip,,one-shot batch (Meta-Llama-3.3-70B-Instruct)
86,reaction,,one-shot batch (Meta-Llama-3.3-70B-Instruct)
87,reaction,,one-shot batch (Meta-Llama-3.3-70B-Instruct)
88,skip,,one-shot batch (Meta-Llama-3.3-70B-Instruct)
89,hot_take,,one-shot batch (Meta-Llama-3.3-70B-Instruct)
90,skip,,one-shot batch (Meta-Llama-3.3-70B-Instruct)
91,skip,,one-shot batch (Meta-Llama-3.3-70B-Instruct)
92,skip,,one-shot batch (Meta-Llama-3.3-70B-Instruct)
93,analysis,,one-shot batch (Meta-Llama-3.3-70B-Instruct)
94,hot_take,,one-shot batch (Meta-Llama-3.3-70B-Instruct)
95,skip,,one-shot batch (Meta-Llama-3.3-70B-Instruct)
96,hot_take,,one-shot batch (Meta-Llama-3.3-70B-Instruct)
97,hot_take,,one-shot batch (Meta-Llama-3.3-70B-Instruct)
98,skip,,one-shot batch (Meta-Llama-3.3-70B-Instruct)
99,hot_take,,one-shot batch (Meta-Llama-3.3-70B-Instruct)
100,hot_take,,one-shot batch (Meta-Llama-3.3-70B-Instruct)
101,skip,,one-shot batch (Meta-Llama-3.3-70B-Instruct)
102,skip,,one-shot batch (Meta-Llama-3.3-70B-Instruct)
103,skip,,one-shot batch (Meta-Llama-3.3-70B-Instruct)
104,skip,,one-shot batch (Meta-Llama-3.3-70B-Instruct)
105,skip,,one-shot batch (Meta-Llama-3.3-70B-Instruct)
106,skip,,one-shot batch (Meta-Llama-3.3-70B-Instruct)
107,skip,,one-shot batch (Meta-Llama-3.3-70B-Instruct)
108,hot_take,,one-shot batch (Meta-Llama-3.3-70B-Instruct)
109,hot_take,,one-shot batch (Meta-Llama-3.3-70B-Instruct)
110,skip,,one-shot batch (Meta-Llama-3.3-70B-Instruct)
111,reaction,,one-shot batch (Meta-Llama-3.3-70B-Instruct)
112,hot_take,,one-shot batch (Meta-Llama-3.3-70B-Instruct)
113,mixed,,one-shot batch (Meta-Llama-3.3-70B-Instruct)
114,skip,,one-shot batch (Meta-Llama-3.3-70B-Instruct)
115,hot_take,,one-shot batch (Meta-Llama-3.3-70B-Instruct)
116,skip,,one-shot batch (Meta-Llama-3.3-70B-Instruct)
117,analysis,,one-shot batch (Meta-Llama-3.3-70B-Instruct)
118,hot_take,,one-shot batch (Meta-Llama-3.3-70B-Instruct)
119,mixed,,one-shot batch (Meta-Llama-3.3-70B-Instruct)
120,analysis,,one-shot batch (Meta-Llama-3.3-70B-Instruct)
121,skip,,one-shot batch (Meta-Llama-3.3-70B-Instruct)
122,mixed,,one-shot batch (Meta-Llama-3.3-70B-Instruct)
123,skip,,one-shot batch (Meta-Llama-3.3-70B-Instruct)
124,analysis,,one-shot batch (Meta-Llama-3.3-70B-Instruct)
125,hot_take,,one-shot batch (Meta-Llama-3.3-70B-Instruct)
126,hot_take,,one-shot batch (Meta-Llama-3.3-70B-Instruct)
127,analysis,,one-shot batch (Meta-Llama-3.3-70B-Instruct)
128,reaction,,one-shot batch (Meta-Llama-3.3-70B-Instruct)
129,analysis,,one-shot batch (Meta-Llama-3.3-70B-Instruct)
130,analysis,,one-shot batch (Meta-Llama-3.3-70B-Instruct)
131,skip,,one-shot batch (Meta-Llama-3.3-70B-Instruct)
132,analysis,,one-shot batch (Meta-Llama-3.3-70B-Instruct)
133,hot_take,,one-shot batch (Meta-Llama-3.3-70B-Instruct)
134,reaction,,one-shot batch (Meta-Llama-3.3-70B-Instruct)
135,skip,,one-shot batch (Meta-Llama-3.3-70B-Instruct)
136,skip,,one-shot batch (Meta-Llama-3.3-70B-Instruct)
137,reaction,,one-shot batch (Meta-Llama-3.3-70B-Instruct)
138,analysis,,one-shot batch (Meta-Llama-3.3-70B-Instruct)
139,reaction,,one-shot batch (Meta-Llama-3.3-70B-Instruct)
140,skip,,one-shot batch (Meta-Llama-3.3-70B-Instruct)
141,skip,,one-shot batch (Meta-Llama-3.3-70B-Instruct)
142,skip,,one-shot batch (Meta-Llama-3.3-70B-Instruct)
143,skip,,one-shot batch (Meta-Llama-3.3-70B-Instruct)
144,mixed,,one-shot batch (Meta-Llama-3.3-70B-Instruct)
145,skip,,one-shot batch (Meta-Llama-3.3-70B-Instruct)
146,analysis,,one-shot batch (Meta-Llama-3.3-70B-Instruct)
147,skip,,one-shot batch (Meta-Llama-3.3-70B-Instruct)
148,skip,,one-shot batch (Meta-Llama-3.3-70B-Instruct)
149,skip,,one-shot batch (Meta-Llama-3.3-70B-Instruct)
150,skip,,one-shot batch (Meta-Llama-3.3-70B-Instruct)
151,hot_take,,one-shot batch (Meta-Llama-3.3-70B-Instruct)
152,analysis,,one-shot batch (Meta-Llama-3.3-70B-Instruct)
153,hot_take,,one-shot batch (Meta-Llama-3.3-70B-Instruct)
154,skip,,one-shot batch (Meta-Llama-3.3-70B-Instruct)
155,analysis,,one-shot batch (Meta-Llama-3.3-70B-Instruct)
156,hot_take,,one-shot batch (Meta-Llama-3.3-70B-Instruct)
157,skip,,one-shot batch (Meta-Llama-3.3-70B-Instruct)
158,skip,,one-shot batch (Meta-Llama-3.3-70B-Instruct)
159,hot_take,,one-shot batch (Meta-Llama-3.3-70B-Instruct)
160,analysis,,one-shot batch (Meta-Llama-3.3-70B-Instruct)
161,skip,,one-shot batch (Meta-Llama-3.3-70B-Instruct)
162,skip,,one-shot batch (Meta-Llama-3.3-70B-Instruct)
163,hot_take,,one-shot batch (Meta-Llama-3.3-70B-Instruct)
164,skip,,one-shot batch (Meta-Llama-3.3-70B-Instruct)
165,analysis,,one-shot batch (Meta-Llama-3.3-70B-Instruct)
166,analysis,,one-shot batch (Meta-Llama-3.3-70B-Instruct)
167,skip,,one-shot batch (Meta-Llama-3.3-70B-Instruct)
168,skip,,one-shot batch (Meta-Llama-3.3-70B-Instruct)
169,mixed,,one-shot batch (Meta-Llama-3.3-70B-Instruct)
170,analysis,,one-shot batch (Meta-Llama-3.3-70B-Instruct)
171,analysis,,one-shot batch (Meta-Llama-3.3-70B-Instruct)
172,skip,,one-shot batch (Meta-Llama-3.3-70B-Instruct)
173,hot_take,,one-shot batch (Meta-Llama-3.3-70B-Instruct)
174,reaction,,one-shot batch (Meta-Llama-3.3-70B-Instruct)
175,skip,,one-shot batch (Meta-Llama-3.3-70B-Instruct)
176,skip,,one-shot batch (Meta-Llama-3.3-70B-Instruct)
177,skip,,one-shot batch (Meta-Llama-3.3-70B-Instruct)
178,reaction,,one-shot batch (Meta-Llama-3.3-70B-Instruct)
179,hot_take,,one-shot batch (Meta-Llama-3.3-70B-Instruct)
180,reaction,,one-shot batch (Meta-Llama-3.3-70B-Instruct)
181,analysis,,one-shot batch (Meta-Llama-3.3-70B-Instruct)
182,hot_take,,one-shot batch (Meta-Llama-3.3-70B-Instruct)
183,reaction,,one-shot batch (Meta-Llama-3.3-70B-Instruct)
184,mixed,,one-shot batch (Meta-Llama-3.3-70B-Instruct)
185,skip,,one-shot batch (Meta-Llama-3.3-70B-Instruct)
186,skip,,one-shot batch (Meta-Llama-3.3-70B-Instruct)
187,analysis,,one-shot batch (Meta-Llama-3.3-70B-Instruct)
188,hot_take,,one-shot batch (Meta-Llama-3.3-70B-Instruct)
189,skip,,one-shot batch (Meta-Llama-3.3-70B-Instruct)
190,skip,,one-shot batch (Meta-Llama-3.3-70B-Instruct)
191,reaction,,one-shot batch (Meta-Llama-3.3-70B-Instruct)
192,skip,,one-shot batch (Meta-Llama-3.3-70B-Instruct)
193,reaction,,one-shot batch (Meta-Llama-3.3-70B-Instruct)
194,hot_take,,one-shot batch (Meta-Llama-3.3-70B-Instruct)
195,hot_take,,one-shot batch (Meta-Llama-3.3-70B-Instruct)
196,reaction,,one-shot batch (Meta-Llama-3.3-70B-Instruct)
197,mixed,,one-shot batch (Meta-Llama-3.3-70B-Instruct)
198,mixed,,one-shot batch (Meta-Llama-3.3-70B-Instruct)
199,reaction,,one-shot batch (Meta-Llama-3.3-70B-Instruct)
200,analysis,,one-shot batch (Meta-Llama-3.3-70B-Instruct)
